1|4|Voucher|Congratulations, you just received a voucher for a free tour! Head to our menu to learn more.|New
2|4|FinishedTour|2|New
3|4|AcceptedTourRequest|9|New
4|4|AcceptedTourRequest|6|New
5|4|NewTour|11|Read
6|4|AcceptedTourRequest|1|New
7|4|NewTour|12|New
8|4|NewTour|12|Read
9|4|NewTour|12|Read
10|4|NewTour|12|Read
11|4|NewTour|12|Read
12|4|NewTour|13|Read
13|4|NewTour|13|Read
14|4|NewTour|13|Read
15|4|NewTour|13|Read
16|4|NewTour|13|Read
17|4|FinishedTour|9|New
18|4|Voucher|Congratulations, you just received a voucher for a free tour! Head to our menu to learn more.|Read
19|4|NewTour|14|New
20|4|Voucher|Congratulations, you just received a voucher for a free tour! Head to our menu to learn more.|Read
21|4|Voucher|Congratulations, you just received a voucher for a free tour! Head to our menu to learn more.|Read
22|4|Voucher|Congratulations, you just received a voucher for a free tour! Head to our menu to learn more.|Read
23|4|Voucher|Congratulations, you just received a voucher for a free tour! Head to our menu to learn more.|New
24|4|Voucher|Congratulations, you just received a voucher for a free tour! Head to our menu to learn more.|Read
